﻿<?xml version="1.0" encoding="utf-8"?>
<!DOCTYPE rdf:RDF [
        	<!ENTITY rdf 'http://www.w3.org/1999/02/22-rdf-syntax-ns#'>
		<!ENTITY rdfs 'http://www.w3.org/2000/01/rdf-schema#'>
			<!ENTITY xsd 'http://www.w3.org/2001/XMLSchema#'>
				]>
				<rdf:RDF xmlns:rdfs="http://www.w3.org/2000/01/rdf-schema#"
       					xmlns:xsd="http://www.w3.org/2001/XMLSchema#"
       					xmlns:foaf="http://purl.org/roh/mirror/foaf#"
       					xmlns:roh="http://purl.org/roh#"
       					xmlns:bibo="http://purl.org/roh/mirror/bibo#"
       					xmlns:rdf="http://www.w3.org/1999/02/22-rdf-syntax-ns#">
					
					<foaf:Person rdf:about="http://graph.um.es/res/person/c6bbcd00-81c4-43b4-94d7-226ae19417b5">
						<foaf:name rdf:datatype="&xsd;string">Oihane Gómez-Carmona</foaf:name>
						<foaf:prueba rdf:datatype="http://www.w3.org/2001/XMLSchema#string">Usuario C 3</foaf:prueba>
						<roh:correspondingAuthorOf rdf:resource="http://graph.um.es/res/document/c79d7c3e-ce92-4bea-89fd-4d7ac747de3d"/>
					</foaf:Person>
					<foaf:Person rdf:about="http://graph.um.es/res/person/c465ac51-0b50-41e2-8e73-6b537a04320b">
						<foaf:name rdf:datatype="&xsd;string">Diego Casado-Mansilla</foaf:name>
						<foaf:prueba rdf:datatype="http://www.w3.org/2001/XMLSchema#string">Usuario C 3</foaf:prueba>
					</foaf:Person>
										
					
					<bibo:Document rdf:about="http://graph.um.es/res/document/c79d7c3e-ce92-4bea-89fd-4d7ac747de3d">
						<roh:title rdf:datatype="&xsd;string" >SmartWorkplace: A Privacy-based Fog Computing Approach to Boost Energy Efficiency and Wellness in Digital Workspaces.</roh:title>
						<bibo:authorList rdf:nodeID="N47c461361fc640adaac6bcb1c7f54d0c" />
						<foaf:prueba rdf:datatype="http://www.w3.org/2001/XMLSchema#string">Usuario C 3</foaf:prueba>
					</bibo:Document>
					
					<rdf:Seq rdf:nodeID="N47c461361fc640adaac6bcb1c7f54d0c">
						<rdf:_1 rdf:resource="http://graph.um.es/res/person/c6bbcd00-81c4-43b4-94d7-226ae19417b5" />
						<rdf:_2 rdf:resource="http://graph.um.es/res/person/c465ac51-0b50-41e2-8e73-6b537a04320b" />
					</rdf:Seq>
				</rdf:RDF>
				