<?xml version="1.0" encoding="utf-8"?>
<!DOCTYPE rdf:RDF [
        	<!ENTITY rdf 'http://www.w3.org/1999/02/22-rdf-syntax-ns#'>
		<!ENTITY rdfs 'http://www.w3.org/2000/01/rdf-schema#'>
			<!ENTITY xsd 'http://www.w3.org/2001/XMLSchema#'>
				]>
				<rdf:RDF xmlns:rdfs="http://www.w3.org/2000/01/rdf-schema#"
       					xmlns:xsd="http://www.w3.org/2001/XMLSchema#"
       					xmlns:foaf="http://purl.org/roh/mirror/foaf#"
       					xmlns:roh="http://purl.org/roh#"
       					xmlns:bibo="http://purl.org/roh/mirror/bibo#"
       					xmlns:rdf="http://www.w3.org/1999/02/22-rdf-syntax-ns#">
					<foaf:Person rdf:about="http://graph.um.es/res/person/ae0f6a43-ce90-4086-84af-e796e8309cac">
						<foaf:name rdf:datatype="&xsd;string">Diego López-de-Ipiña</foaf:name>
						<foaf:prueba rdf:datatype="http://www.w3.org/2001/XMLSchema#string">Usuario A 1</foaf:prueba>
						<roh:correspondingAuthorOf rdf:resource="http://graph.um.es/res/document/ac9475ba-4177-40fe-9d6c-f673ec1395c8"/>
						<roh:correspondingAuthorOf rdf:resource="http://graph.um.es/res/document/a0481c15-63b9-4266-94f8-015e52152753"/>
						<roh:correspondingAuthorOf rdf:resource="http://graph.um.es/res/document/a4dd0ec6-0a1a-49ff-89b0-597a4c26f1d1"/>
						<roh:correspondingAuthorOf rdf:resource="http://graph.um.es/res/document/a2401bfa-135d-43d7-ae75-606555075d72"/>
						<roh:correspondingAuthorOf rdf:resource="http://graph.um.es/res/document/ab5a3cd2-2af0-42dd-9018-d4524d0c8ba5"/>
					</foaf:Person>
					<foaf:Person rdf:about="http://graph.um.es/res/person/ac7b4a66-2374-4e98-a5cd-3799ebca1987">
						<foaf:name rdf:datatype="&xsd;string">Diego Casado-Mansilla</foaf:name>
						<foaf:prueba rdf:datatype="http://www.w3.org/2001/XMLSchema#string">Usuario A 1</foaf:prueba>
					</foaf:Person>
					<bibo:Document rdf:about="http://graph.um.es/res/document/ac9475ba-4177-40fe-9d6c-f673ec1395c8">
						<roh:title rdf:datatype="&xsd;string" >Exploring the computational cost of machine learning at the edge for human-centric Internet of Things.</roh:title>
						<bibo:authorList rdf:nodeID="N17c461361fc640adaac6bcb1c7f54d0c" />
						<foaf:prueba rdf:datatype="http://www.w3.org/2001/XMLSchema#string">Usuario A 1</foaf:prueba>
					</bibo:Document>
					<bibo:Document rdf:about="http://graph.um.es/res/document/a0481c15-63b9-4266-94f8-015e52152753">
						<roh:title rdf:datatype="&xsd;string" >User perspectives in the design of interactive everyday objects for sustainable behaviour.</roh:title>
						<bibo:authorList rdf:nodeID="N19d40eb0e46c40d083cf88d019323568" />
						<foaf:prueba rdf:datatype="http://www.w3.org/2001/XMLSchema#string">Usuario A 1</foaf:prueba>
					</bibo:Document>
					<bibo:Document rdf:about="http://graph.um.es/res/document/a4dd0ec6-0a1a-49ff-89b0-597a4c26f1d1">
						<roh:title rdf:datatype="&xsd;string" >Exploring the Application of the FOX Model to Foster Pro-Environmental Behaviours in Smart Environments.</roh:title>
						<bibo:authorList rdf:nodeID="N15f7938ae6494843a9622da4446bc608" />
						<foaf:prueba rdf:datatype="http://www.w3.org/2001/XMLSchema#string">Usuario A 1</foaf:prueba>
					</bibo:Document>
					<bibo:Document rdf:about="http://graph.um.es/res/document/a2401bfa-135d-43d7-ae75-606555075d72">
						<roh:title rdf:datatype="&xsd;string">Social devices: Autonomous artifacts that communicate on the internet</roh:title>
						<bibo:authorList rdf:nodeID="N14c72eb577d94199816d204397adf7b8" />
						<foaf:prueba rdf:datatype="http://www.w3.org/2001/XMLSchema#string">Usuario A 1</foaf:prueba>
					</bibo:Document>
					<bibo:Document rdf:about="http://graph.um.es/res/document/ab5a3cd2-2af0-42dd-9018-d4524d0c8ba5">
						<roh:title rdf:datatype="&xsd;string">Mobile devices and remote labs in engineering education</roh:title>
						<bibo:authorList rdf:nodeID="N1d057fe596394dfc82e41a869ca26fd2" />
						<foaf:prueba rdf:datatype="http://www.w3.org/2001/XMLSchema#string">Usuario A 1</foaf:prueba>
					</bibo:Document>
					<rdf:Seq rdf:nodeID="N17c461361fc640adaac6bcb1c7f54d0c">
						<rdf:_1 rdf:resource="http://graph.um.es/res/person/ae0f6a43-ce90-4086-84af-e796e8309cac" />
						<rdf:_2 rdf:resource="http://graph.um.es/res/person/ac7b4a66-2374-4e98-a5cd-3799ebca1987" />
					</rdf:Seq>
					<rdf:Seq rdf:nodeID="N19d40eb0e46c40d083cf88d019323568">
						<rdf:_1 rdf:resource="http://graph.um.es/res/person/ae0f6a43-ce90-4086-84af-e796e8309cac" />
						<rdf:_2 rdf:resource="http://graph.um.es/res/person/ac7b4a66-2374-4e98-a5cd-3799ebca1987" />
					</rdf:Seq>
					<rdf:Seq rdf:nodeID="N15f7938ae6494843a9622da4446bc608">
						<rdf:_1 rdf:resource="http://graph.um.es/res/person/ae0f6a43-ce90-4086-84af-e796e8309cac" />
						<rdf:_2 rdf:resource="http://graph.um.es/res/person/ac7b4a66-2374-4e98-a5cd-3799ebca1987" />
					</rdf:Seq>
					<rdf:Seq rdf:nodeID="N14c72eb577d94199816d204397adf7b8">
						<rdf:_1 rdf:resource="http://graph.um.es/res/person/ae0f6a43-ce90-4086-84af-e796e8309cac" />
					</rdf:Seq>
					<rdf:Seq rdf:nodeID="N1d057fe596394dfc82e41a869ca26fd2">
						<rdf:_1 rdf:resource="http://graph.um.es/res/person/ae0f6a43-ce90-4086-84af-e796e8309cac" />
					</rdf:Seq>
				</rdf:RDF>
				