﻿<?xml version="1.0" encoding="utf-8"?>
<!DOCTYPE rdf:RDF [
        	<!ENTITY rdf 'http://www.w3.org/1999/02/22-rdf-syntax-ns#'>
		<!ENTITY rdfs 'http://www.w3.org/2000/01/rdf-schema#'>
			<!ENTITY xsd 'http://www.w3.org/2001/XMLSchema#'>
				]>
				<rdf:RDF xmlns:rdfs="http://www.w3.org/2000/01/rdf-schema#"
       					xmlns:xsd="http://www.w3.org/2001/XMLSchema#"
       					xmlns:foaf="http://purl.org/roh/mirror/foaf#"
       					xmlns:roh="http://purl.org/roh#"
       					xmlns:bibo="http://purl.org/roh/mirror/bibo#"
       					xmlns:rdf="http://www.w3.org/1999/02/22-rdf-syntax-ns#">
					<foaf:Person rdf:about="http://graph.um.es/res/person/cv412b73c-bf89-4319-9b56-197e0cb2752b">
						<foaf:name rdf:datatype="&xsd;string">NOMBRE</foaf:name>
					</foaf:Person>
					<bibo:Document rdf:about="http://graph.um.es/res/document/cv1c50b90d-291b-4eae-930f-5f6a86eeb990">
						<roh:title rdf:datatype="&xsd;string" >DOC 1</roh:title>
						<bibo:authorList rdf:nodeID="N37c461361fc640adaac6bcb1c7f54d0a" />
					</bibo:Document>
					<bibo:Document rdf:about="http://graph.um.es/res/document/cv2c50b90d-291b-4eae-930f-5f6a86eeb990">
						<roh:title rdf:datatype="&xsd;string" >DOC 2</roh:title>
						<bibo:authorList rdf:nodeID="N37c461361fc640adaac6bcb1c7f54d0b" />
					</bibo:Document>
					<bibo:Document rdf:about="http://graph.um.es/res/document/cv3c50b90d-291b-4eae-930f-5f6a86eeb990">
						<roh:title rdf:datatype="&xsd;string" >DOC 3</roh:title>
						<bibo:authorList rdf:nodeID="N37c461361fc640adaac6bcb1c7f54d0c" />
					</bibo:Document>
					<bibo:Document rdf:about="http://graph.um.es/res/document/cv4c50b90d-291b-4eae-930f-5f6a86eeb990">
						<roh:title rdf:datatype="&xsd;string" >DOC 4</roh:title>
						<bibo:authorList rdf:nodeID="N37c461361fc640adaac6bcb1c7f54d0d" />
					</bibo:Document>
					<rdf:Seq rdf:nodeID="N37c461361fc640adaac6bcb1c7f54d0a">
						<rdf:_1 rdf:resource="http://graph.um.es/res/person/cv412b73c-bf89-4319-9b56-197e0cb2752b" />
					</rdf:Seq>
					<rdf:Seq rdf:nodeID="N37c461361fc640adaac6bcb1c7f54d0b">
						<rdf:_1 rdf:resource="http://graph.um.es/res/person/cv412b73c-bf89-4319-9b56-197e0cb2752b" />
					</rdf:Seq>
					<rdf:Seq rdf:nodeID="N37c461361fc640adaac6bcb1c7f54d0c">
						<rdf:_1 rdf:resource="http://graph.um.es/res/person/cv412b73c-bf89-4319-9b56-197e0cb2752b" />
					</rdf:Seq>
					<rdf:Seq rdf:nodeID="N37c461361fc640adaac6bcb1c7f54d0d">
						<rdf:_1 rdf:resource="http://graph.um.es/res/person/cv412b73c-bf89-4319-9b56-197e0cb2752b" />
					</rdf:Seq>
				</rdf:RDF>
				