﻿<?xml version="1.0" encoding="utf-8"?>
<!DOCTYPE rdf:RDF [
        	<!ENTITY rdf 'http://www.w3.org/1999/02/22-rdf-syntax-ns#'>
		<!ENTITY rdfs 'http://www.w3.org/2000/01/rdf-schema#'>
			<!ENTITY xsd 'http://www.w3.org/2001/XMLSchema#'>
				]>
				<rdf:RDF xmlns:rdfs="http://www.w3.org/2000/01/rdf-schema#"
       					xmlns:xsd="http://www.w3.org/2001/XMLSchema#"
       					xmlns:foaf="http://purl.org/roh/mirror/foaf#"
       					xmlns:roh="http://purl.org/roh#"
       					xmlns:bibo="http://purl.org/roh/mirror/bibo#"
       					xmlns:rdf="http://www.w3.org/1999/02/22-rdf-syntax-ns#">
					<foaf:Person rdf:about="http://graph.um.es/res/person/d412b73c-bf89-4319-9b56-197e0cb2752b">
						<foaf:name rdf:datatype="&xsd;string">Esteban Sota Leiva</foaf:name>
						<foaf:prueba rdf:datatype="http://www.w3.org/2001/XMLSchema#string">Usuario D 2</foaf:prueba>
						<roh:correspondingAuthorOf rdf:resource="http://graph.um.es/res/document/dc50b90d-291b-4eae-930f-5f6a86eeb990"/>
					</foaf:Person>
					<foaf:Person rdf:about="http://graph.um.es/res/person/da4fee87-f398-41e6-9bc8-9bec5cd85b03">
						<foaf:name rdf:datatype="&xsd;string">Diego Casado-Mansilla</foaf:name>
						<roh:ORCID rdf:datatype="&xsd;string">0000-0002-1070-7494</roh:ORCID>
						<foaf:prueba rdf:datatype="http://www.w3.org/2001/XMLSchema#string">Usuario D 2</foaf:prueba>
					</foaf:Person>
					<bibo:Document rdf:about="http://graph.um.es/res/document/dc50b90d-291b-4eae-930f-5f6a86eeb990">
						<roh:title rdf:datatype="&xsd;string" >Este es un documento de prueba con título inventado para probar más tarde</roh:title>
						<bibo:authorList rdf:nodeID="N37c461361fc640adaac6bcb1c7f54d0c" />
						<foaf:prueba rdf:datatype="http://www.w3.org/2001/XMLSchema#string">Usuario D 2</foaf:prueba>
					</bibo:Document>
					<rdf:Seq rdf:nodeID="N37c461361fc640adaac6bcb1c7f54d0c">
						<rdf:_1 rdf:resource="http://graph.um.es/res/person/d412b73c-bf89-4319-9b56-197e0cb2752b" />
						<rdf:_2 rdf:resource="http://graph.um.es/res/person/da4fee87-f398-41e6-9bc8-9bec5cd85b03" />
					</rdf:Seq>
				</rdf:RDF>
				