﻿<?xml version="1.0" encoding="utf-8"?>
<!DOCTYPE rdf:RDF [
        	<!ENTITY rdf 'http://www.w3.org/1999/02/22-rdf-syntax-ns#'>
		<!ENTITY rdfs 'http://www.w3.org/2000/01/rdf-schema#'>
			<!ENTITY xsd 'http://www.w3.org/2001/XMLSchema#'>
				]>
				<rdf:RDF xmlns:rdfs="http://www.w3.org/2000/01/rdf-schema#"
       					xmlns:xsd="http://www.w3.org/2001/XMLSchema#"
       					xmlns:foaf="http://purl.org/roh/mirror/foaf#"
       					xmlns:roh="http://purl.org/roh#"
       					xmlns:bibo="http://purl.org/roh/mirror/bibo#"
       					xmlns:rdf="http://www.w3.org/1999/02/22-rdf-syntax-ns#">
					<foaf:Person rdf:about="http://graph.um.es/res/person/fc973046-8c9a-4ee7-b528-bf9c2d9c84f5">
						<foaf:name rdf:datatype="&xsd;string">Álvaro Palacios Marijuán</foaf:name>
						<foaf:prueba rdf:datatype="http://www.w3.org/2001/XMLSchema#string">Usuario F 4</foaf:prueba>
						<roh:correspondingAuthorOf rdf:resource="http://graph.um.es/res/document/f8812064-0f16-489d-a986-a60b07b05149a"/>
						<roh:correspondingAuthorOf rdf:resource="http://graph.um.es/res/document/f8812064-0f16-489d-a986-a60b07b05149b"/>
					</foaf:Person>
					<foaf:Person rdf:about="http://graph.um.es/res/person/f0f34dbb-f133-4a3b-ac6d-499c0e969a69">
						<foaf:name rdf:datatype="&xsd;string">Diego Casado-Mansilla</foaf:name>
						<foaf:prueba rdf:datatype="http://www.w3.org/2001/XMLSchema#string">Usuario F 4</foaf:prueba>
					</foaf:Person>
					<bibo:Document rdf:about="http://graph.um.es/res/document/f8812064-0f16-489d-a986-a60b07b05149a">
						<roh:title rdf:datatype="&xsd;string" >Documento de prueba de Álvaro y Diego</roh:title>
						<bibo:authorList rdf:nodeID="N27c461361fc640adaac6bcb1c7f54d0c" />
						<foaf:prueba rdf:datatype="http://www.w3.org/2001/XMLSchema#string">Usuario F 4</foaf:prueba>
					</bibo:Document>
					<bibo:Document rdf:about="http://graph.um.es/res/document/f8812064-0f16-489d-a986-a60b07b05149b">
						<roh:title rdf:datatype="&xsd;string" >Este es un documento de prueba con título inventado para probar más tarde</roh:title>
						<bibo:authorList rdf:nodeID="N17c461361fc640adaac6bcb1c7f54d0c" />
						<foaf:prueba rdf:datatype="http://www.w3.org/2001/XMLSchema#string">Usuario F 4</foaf:prueba>
					</bibo:Document>
					<rdf:Seq rdf:nodeID="N27c461361fc640adaac6bcb1c7f54d0c">
						<rdf:_1 rdf:resource="http://graph.um.es/res/person/fc973046-8c9a-4ee7-b528-bf9c2d9c84f5" />
						<rdf:_2 rdf:resource="http://graph.um.es/res/person/f0f34dbb-f133-4a3b-ac6d-499c0e969a69" />
					</rdf:Seq>
					<rdf:Seq rdf:nodeID="N17c461361fc640adaac6bcb1c7f54d0c">
						<rdf:_1 rdf:resource="http://graph.um.es/res/person/fc973046-8c9a-4ee7-b528-bf9c2d9c84f5" />
					</rdf:Seq>
				</rdf:RDF>
				